word,variant,description,elapsed_seconds,frame_count,visible_hand_frames,hand_coverage,bone_span_p95_max,bone_cv_mean,max_joint_bend_degrees,joint_sample_count,joint_violation_count,joint_violation_rate,topology_sample_count,topology_invalid_count,topology_error_rate,motion_transition_count,moving_transition_count,motion_preservation_rate,motion_step_p95,jerk_sample_count,temporal_jerk_mean,deviation_from_full
abdomen,default_s08_r1_a115,"hand sigma=0.8, radius=1, joint limit=115.0 degrees",1.5159568000817671,137,65,0.23722627737226276,1.4484193175815826e-14,2.3557878502215697e-15,96.61340327752488,975,0,0.0,65,3,0.046153846153846156,64,63,0.984375,0.297561676341101,62,0.027795625070305818,0.0
abdomen,light_s06_r1_a115,"hand sigma=0.6, radius=1, joint limit=115.0 degrees",1.38155699998606,137,65,0.23722627737226276,1.3908057098772834e-14,2.275654363438455e-15,95.34006303247047,975,0,0.0,65,3,0.046153846153846156,64,62,0.96875,0.3377560760821863,62,0.03712998605008404,0.0031941651061532807
abdomen,smooth_s10_r1_a115,"hand sigma=1.0, radius=1, joint limit=115.0 degrees",1.3865990000776947,137,65,0.23722627737226276,1.8666722038902777e-14,2.3481569911882924e-15,97.18861758109709,975,0,0.0,65,3,0.046153846153846156,64,63,0.984375,0.2736172627530401,62,0.02426336349682966,0.0015798548676325143
abdomen,smooth_s10_r2_a115,"hand sigma=1.0, radius=2, joint limit=115.0 degrees",1.3719850999768823,137,65,0.23722627737226276,1.5125744606430482e-14,2.361075827499592e-15,99.9546450354042,975,0,0.0,65,3,0.046153846153846156,64,64,1.0,0.2722026212588868,62,0.017233161831246114,0.006449780105809949
abdomen,smooth_s12_r2_a115,"hand sigma=1.2, radius=2, joint limit=115.0 degrees",1.5818558000028133,137,65,0.23722627737226276,1.4599533264658692e-14,2.349017079490224e-15,99.53054613605738,975,0,0.0,65,3,0.046153846153846156,64,64,1.0,0.23720947707315687,62,0.013528157575557786,0.010048229089239307
abdomen,joint_s08_r1_a110,"hand sigma=0.8, radius=1, joint limit=110.0 degrees",1.2579172999830917,137,65,0.23722627737226276,1.4484193175815826e-14,2.3557878502215697e-15,96.61340327752488,975,0,0.0,65,3,0.046153846153846156,64,63,0.984375,0.297561676341101,62,0.027795625070305818,0.0
abdomen,joint_s08_r1_a105,"hand sigma=0.8, radius=1, joint limit=105.0 degrees",1.5180828999727964,137,65,0.23722627737226276,1.4484193175815826e-14,2.3557878502215697e-15,96.61340327752488,975,0,0.0,65,3,0.046153846153846156,64,63,0.984375,0.297561676341101,62,0.027795625070305818,0.0
abdomen,balanced_s10_r2_a110,"hand sigma=1.0, radius=2, joint limit=110.0 degrees",1.362081400002353,137,65,0.23722627737226276,1.5125744606430482e-14,2.361075827499592e-15,99.9546450354042,975,0,0.0,65,3,0.046153846153846156,64,64,1.0,0.2722026212588868,62,0.017233161831246114,0.006449780105809949
abdomen,smooth_s12_r2_a110,"hand sigma=1.2, radius=2, joint limit=110.0 degrees",1.6377992999041453,137,65,0.23722627737226276,1.4599533264658692e-14,2.349017079490224e-15,99.53054613605738,975,0,0.0,65,3,0.046153846153846156,64,64,1.0,0.23720947707315687,62,0.013528157575557786,0.010048229089239307
hello,default_s08_r1_a115,"hand sigma=0.8, radius=1, joint limit=115.0 degrees",1.8433381000068039,179,71,0.19832402234636873,1.1816252761083604e-14,1.9532022909485755e-15,115.00000000000004,1065,0,0.0,71,17,0.23943661971830985,70,68,0.9714285714285714,0.5312732936424276,68,0.053023554210291056,0.0
hello,light_s06_r1_a115,"hand sigma=0.6, radius=1, joint limit=115.0 degrees",1.763770299963653,179,71,0.19832402234636873,1.1189748822838672e-14,1.966433316203954e-15,105.4486397174018,1065,0,0.0,71,17,0.23943661971830985,70,68,0.9714285714285714,0.5343957664281047,68,0.06638639979758185,0.005460210408751631
hello,smooth_s10_r1_a115,"hand sigma=1.0, radius=1, joint limit=115.0 degrees",2.0432311999611557,179,71,0.19832402234636873,1.149689963700404e-14,1.9301494725037093e-15,115.00000000000026,1065,0,0.0,71,16,0.22535211267605634,70,68,0.9714285714285714,0.5364881279669331,68,0.05014888197627459,0.002662951149167404
hello,smooth_s10_r2_a115,"hand sigma=1.0, radius=2, joint limit=115.0 degrees",1.658335099928081,179,71,0.19832402234636873,1.262074541999139e-14,2.084156858386264e-15,109.14512810851424,1065,0,0.0,71,16,0.22535211267605634,70,70,1.0,0.5544145664416437,68,0.04433468993735863,0.011767606926529789
hello,smooth_s12_r2_a115,"hand sigma=1.2, radius=2, joint limit=115.0 degrees",1.7409234999213368,179,71,0.19832402234636873,1.3251313788441377e-14,2.0069084486198918e-15,108.68418272684879,1065,0,0.0,71,16,0.22535211267605634,70,70,1.0,0.5675340030136334,68,0.040753795680675935,0.018262462844798835
hello,joint_s08_r1_a110,"hand sigma=0.8, radius=1, joint limit=110.0 degrees",1.8005742999957874,179,71,0.19832402234636873,1.1816252761083604e-14,1.9532793351489336e-15,110.00000000000009,1065,0,0.0,71,17,0.23943661971830985,70,68,0.9714285714285714,0.5312732936424276,68,0.053037090977616455,3.4472390056227956e-05
hello,joint_s08_r1_a105,"hand sigma=0.8, radius=1, joint limit=105.0 degrees",1.8648968999041244,179,71,0.19832402234636873,1.1816252761083604e-14,1.9532080678106223e-15,105.00000000000018,1065,0,0.0,71,17,0.23943661971830985,70,68,0.9714285714285714,0.5312732936424276,68,0.05306444803991542,6.887746236143845e-05
hello,balanced_s10_r2_a110,"hand sigma=1.0, radius=2, joint limit=110.0 degrees",1.668307299958542,179,71,0.19832402234636873,1.262074541999139e-14,2.084156858386264e-15,109.14512810851424,1065,0,0.0,71,16,0.22535211267605634,70,70,1.0,0.5544145664416437,68,0.04433468993735863,0.011767606926529789
hello,smooth_s12_r2_a110,"hand sigma=1.2, radius=2, joint limit=110.0 degrees",2.000819299952127,179,71,0.19832402234636873,1.3251313788441377e-14,2.0069084486198918e-15,108.68418272684879,1065,0,0.0,71,16,0.22535211267605634,70,70,1.0,0.5675340030136334,68,0.040753795680675935,0.018262462844798835
love,default_s08_r1_a115,"hand sigma=0.8, radius=1, joint limit=115.0 degrees",1.3808055999688804,105,210,1.0,3.936068248829859e-14,3.596839052616813e-15,115.00000000000173,3150,0,0.0,210,5,0.023809523809523808,208,208,1.0,0.09046478931031644,204,0.015010708276289284,0.0
love,light_s06_r1_a115,"hand sigma=0.6, radius=1, joint limit=115.0 degrees",1.349513699999079,105,210,1.0,4.128317709323186e-14,3.4568941982140805e-15,115.00000000000162,3150,0,0.0,210,5,0.023809523809523808,208,208,1.0,0.10443544134943336,204,0.01917738539963569,0.001639144094656889
love,smooth_s10_r1_a115,"hand sigma=1.0, radius=1, joint limit=115.0 degrees",1.5664821999380365,105,210,1.0,3.68520128231343e-14,3.3849891291629925e-15,115.00000000000132,3150,0,0.0,210,5,0.023809523809523808,208,208,1.0,0.08788435305911035,204,0.013329870275281834,0.0007581486369179185
love,smooth_s10_r2_a115,"hand sigma=1.0, radius=2, joint limit=115.0 degrees",1.8229080000892282,105,210,1.0,3.331830717447215e-14,3.314770365344477e-15,115.00000000000162,3150,0,0.0,210,5,0.023809523809523808,208,208,1.0,0.07139283870691314,204,0.010135157834846665,0.00244071640775638
love,smooth_s12_r2_a115,"hand sigma=1.2, radius=2, joint limit=115.0 degrees",1.4033941000234336,105,210,1.0,3.5428997570488364e-14,3.366489910298813e-15,115.00000000000136,3150,0,0.0,210,3,0.014285714285714285,208,208,1.0,0.06712206514603537,204,0.008037017263352715,0.0038086878573930236
love,joint_s08_r1_a110,"hand sigma=0.8, radius=1, joint limit=110.0 degrees",1.395132499979809,105,210,1.0,3.976646272013673e-14,3.598688221672592e-15,110.00000000000172,3150,0,0.0,210,5,0.023809523809523808,208,208,1.0,0.09688313626741962,204,0.015477440924532614,0.004574711734269325
love,joint_s08_r1_a105,"hand sigma=0.8, radius=1, joint limit=105.0 degrees",1.2801924999803305,105,210,1.0,3.936068248829853e-14,3.620623205319499e-15,105.00000000000159,3150,0,0.0,210,5,0.023809523809523808,208,208,1.0,0.10287037271609117,204,0.01595250399964117,0.009234166152824422
love,balanced_s10_r2_a110,"hand sigma=1.0, radius=2, joint limit=110.0 degrees",1.257028799969703,105,210,1.0,3.691145794818973e-14,3.2965395479322317e-15,110.00000000000172,3150,0,0.0,210,3,0.014285714285714285,208,208,1.0,0.07605050203756394,204,0.01042957506146752,0.006125601462661418
love,smooth_s12_r2_a110,"hand sigma=1.2, radius=2, joint limit=110.0 degrees",1.4123949999921024,105,210,1.0,3.346849968121231e-14,3.3479416683766215e-15,110.00000000000189,3150,0,0.0,210,3,0.014285714285714285,208,208,1.0,0.06826431198233254,204,0.008282202113422071,0.0069430207083405835
accept,default_s08_r1_a115,"hand sigma=0.8, radius=1, joint limit=115.0 degrees",0.8679356999928132,71,114,0.8028169014084507,3.1625659580383376e-14,2.8313598382208934e-15,115.00000000000061,1710,0,0.0,114,87,0.7631578947368421,112,109,0.9732142857142857,0.65939616943647,108,0.06742669189259938,0.0
accept,light_s06_r1_a115,"hand sigma=0.6, radius=1, joint limit=115.0 degrees",0.9012257000431418,71,114,0.8028169014084507,2.854267848204517e-14,2.8066468339753598e-15,115.0000000000012,1710,0,0.0,114,88,0.7719298245614035,112,109,0.9732142857142857,0.7015498770810584,108,0.08609724458016081,0.007881443383115073
accept,smooth_s10_r1_a115,"hand sigma=1.0, radius=1, joint limit=115.0 degrees",0.8511187999974936,71,114,0.8028169014084507,2.331086481451943e-14,2.6196095738301406e-15,115.00000000000071,1710,0,0.0,114,87,0.7631578947368421,112,109,0.9732142857142857,0.6137313839108911,108,0.06175870015931533,0.003775808721860549
accept,smooth_s10_r2_a115,"hand sigma=1.0, radius=2, joint limit=115.0 degrees",0.9131278999848291,71,114,0.8028169014084507,2.7579173528429012e-14,2.8252172355544658e-15,115.00000000000055,1710,0,0.0,114,86,0.7543859649122807,112,112,1.0,0.5548366892918801,108,0.05175335714092238,0.015318810068987046
accept,smooth_s12_r2_a115,"hand sigma=1.2, radius=2, joint limit=115.0 degrees",0.8528325000079349,71,114,0.8028169014084507,3.2092148876689154e-14,2.874297046416848e-15,115.00000000000058,1710,0,0.0,114,86,0.7543859649122807,112,112,1.0,0.5200696603425905,108,0.04555166619154243,0.024215377707319782
accept,joint_s08_r1_a110,"hand sigma=0.8, radius=1, joint limit=110.0 degrees",1.0413804999552667,71,114,0.8028169014084507,2.6735093665891123e-14,2.7941070149610753e-15,110.00000000000071,1710,0,0.0,114,87,0.7631578947368421,112,109,0.9732142857142857,0.65939616943647,108,0.06745613350256761,0.0009259449456216324
accept,joint_s08_r1_a105,"hand sigma=0.8, radius=1, joint limit=105.0 degrees",0.951687499997206,71,114,0.8028169014084507,2.5919999346809077e-14,2.806507763965367e-15,105.00000000000067,1710,0,0.0,114,86,0.7543859649122807,112,109,0.9732142857142857,0.65939616943647,108,0.0675955071648601,0.0020134777964076755
accept,balanced_s10_r2_a110,"hand sigma=1.0, radius=2, joint limit=110.0 degrees",0.9284974000183865,71,114,0.8028169014084507,2.7744318280096297e-14,2.8553033534770676e-15,110.00000000000058,1710,0,0.0,114,86,0.7543859649122807,112,112,1.0,0.5548366892918801,108,0.05182194050530335,0.015645445621753323
accept,smooth_s12_r2_a110,"hand sigma=1.2, radius=2, joint limit=110.0 degrees",0.8474299000808969,71,114,0.8028169014084507,3.475263790273595e-14,2.909291332022584e-15,110.00000000000094,1710,0,0.0,114,86,0.7543859649122807,112,112,1.0,0.5200696603425905,108,0.04556019858925426,0.024433755997125214
across,default_s08_r1_a115,"hand sigma=0.8, radius=1, joint limit=115.0 degrees",0.9696508999913931,87,138,0.7931034482758621,8.721559774199397e-15,1.4702020657613256e-15,114.99999999999994,2070,0,0.0,138,26,0.18840579710144928,136,132,0.9705882352941176,0.3558513440215363,132,0.03863763662544804,0.0
across,light_s06_r1_a115,"hand sigma=0.6, radius=1, joint limit=115.0 degrees",0.9795115999877453,87,138,0.7931034482758621,1.087726382367592e-14,1.4673223913249484e-15,115.0000000000001,2070,0,0.0,138,27,0.1956521739130435,136,132,0.9705882352941176,0.37925360318721,132,0.05131819414594642,0.004690776963212519
across,smooth_s10_r1_a115,"hand sigma=1.0, radius=1, joint limit=115.0 degrees",1.0838332999264821,87,138,0.7931034482758621,9.7843185248834e-15,1.4988159776612314e-15,110.51595127312247,2070,0,0.0,138,26,0.18840579710144928,136,132,0.9705882352941176,0.3512440421575784,132,0.03407373456525785,0.002161226135707014
across,smooth_s10_r2_a115,"hand sigma=1.0, radius=2, joint limit=115.0 degrees",1.2567483000457287,87,138,0.7931034482758621,9.83104644320968e-15,1.4883521512126662e-15,98.38894474856869,2070,0,0.0,138,26,0.18840579710144928,136,136,1.0,0.33418189444247876,132,0.026028482077087623,0.008826240976568376
across,smooth_s12_r2_a115,"hand sigma=1.2, radius=2, joint limit=115.0 degrees",1.0446344000520185,87,138,0.7931034482758621,9.308893777604823e-15,1.4558100472846896e-15,95.11826552509167,2070,0,0.0,138,25,0.18115942028985507,136,136,1.0,0.32753388231362635,132,0.021101600538912583,0.013435699979858056
across,joint_s08_r1_a110,"hand sigma=0.8, radius=1, joint limit=110.0 degrees",0.9987541000591591,87,138,0.7931034482758621,8.721559774199397e-15,1.4700406209197978e-15,110.0,2070,0,0.0,138,26,0.18840579710144928,136,132,0.9705882352941176,0.3558513440215363,132,0.0385361756654908,2.6881510084341165e-05
across,joint_s08_r1_a105,"hand sigma=0.8, radius=1, joint limit=105.0 degrees",1.0371157999616116,87,138,0.7931034482758621,8.721559774199397e-15,1.4704383274663275e-15,105.00000000000007,2070,0,0.0,138,26,0.18840579710144928,136,132,0.9705882352941176,0.3558513440215363,132,0.038455371582419434,5.5050321868946626e-05
across,balanced_s10_r2_a110,"hand sigma=1.0, radius=2, joint limit=110.0 degrees",1.1600124000106007,87,138,0.7931034482758621,9.83104644320968e-15,1.4883521512126662e-15,98.38894474856869,2070,0,0.0,138,26,0.18840579710144928,136,136,1.0,0.33418189444247876,132,0.026028482077087623,0.008826240976568376
across,smooth_s12_r2_a110,"hand sigma=1.2, radius=2, joint limit=110.0 degrees",1.0523749999701977,87,138,0.7931034482758621,9.308893777604823e-15,1.4558100472846896e-15,95.11826552509167,2070,0,0.0,138,25,0.18115942028985507,136,136,1.0,0.32753388231362635,132,0.021101600538912583,0.013435699979858056
airplane,default_s08_r1_a115,"hand sigma=0.8, radius=1, joint limit=115.0 degrees",2.1262629999546334,231,133,0.2878787878787879,1.114043947925657e-14,1.7812529185877183e-15,115.00000000000017,1995,0,0.0,133,11,0.08270676691729323,132,130,0.9848484848484849,0.3449196001317027,130,0.024657693335860573,0.0
airplane,light_s06_r1_a115,"hand sigma=0.6, radius=1, joint limit=115.0 degrees",1.8999237000243738,231,133,0.2878787878787879,1.145000847246488e-14,1.761068177287096e-15,115.00000000000017,1995,0,0.0,133,11,0.08270676691729323,132,130,0.9848484848484849,0.3981616935724517,130,0.032801293764287795,0.002456076482722454
airplane,smooth_s10_r1_a115,"hand sigma=1.0, radius=1, joint limit=115.0 degrees",2.1375166999641806,231,133,0.2878787878787879,1.0542866182303499e-14,1.7056198246787833e-15,115.0000000000001,1995,0,0.0,133,11,0.08270676691729323,132,130,0.9848484848484849,0.31500051757895353,130,0.021464233245045223,0.0011864553292143417
airplane,smooth_s10_r2_a115,"hand sigma=1.0, radius=2, joint limit=115.0 degrees",2.1516010001068935,231,133,0.2878787878787879,1.084114541802283e-14,1.7424442231668644e-15,115.00000000000004,1995,0,0.0,133,10,0.07518796992481203,132,132,1.0,0.263627134635896,130,0.01634491354759216,0.004975320768105234
airplane,smooth_s12_r2_a115,"hand sigma=1.2, radius=2, joint limit=115.0 degrees",1.9100074999732897,231,133,0.2878787878787879,1.1143078800659311e-14,1.7297525746093723e-15,115.0000000000003,1995,0,0.0,133,10,0.07518796992481203,132,132,1.0,0.26183791712959725,130,0.013005655361343488,0.00820937464086221
airplane,joint_s08_r1_a110,"hand sigma=0.8, radius=1, joint limit=110.0 degrees",2.135685999994166,231,133,0.2878787878787879,1.0835221959276938e-14,1.7692910006501884e-15,110.00000000000021,1995,0,0.0,133,11,0.08270676691729323,132,130,0.9848484848484849,0.3449196001317027,130,0.024704528052368432,0.0004853179929834414
airplane,joint_s08_r1_a105,"hand sigma=0.8, radius=1, joint limit=105.0 degrees",1.913996099960059,231,133,0.2878787878787879,1.0835221959276938e-14,1.7542284188406934e-15,105.00000000000028,1995,0,0.0,133,12,0.09022556390977443,132,130,0.9848484848484849,0.3449196001317027,130,0.02485039408614915,0.0015667651877024305
airplane,balanced_s10_r2_a110,"hand sigma=1.0, radius=2, joint limit=110.0 degrees",2.253098899964243,231,133,0.2878787878787879,1.0841145418022835e-14,1.7487086401550784e-15,110.00000000000024,1995,0,0.0,133,10,0.07518796992481203,132,132,1.0,0.263627134635896,130,0.01635461210363834,0.0052778153259970826
airplane,smooth_s12_r2_a110,"hand sigma=1.2, radius=2, joint limit=110.0 degrees",2.121165300020948,231,133,0.2878787878787879,1.0992496654704455e-14,1.7367140883779119e-15,110.00000000000024,1995,0,0.0,133,10,0.07518796992481203,132,132,1.0,0.2649314045446983,130,0.013013265340066752,0.008425912560058103
alphabet,default_s08_r1_a115,"hand sigma=0.8, radius=1, joint limit=115.0 degrees",1.9856209000572562,265,93,0.17547169811320754,1.3074497903367337e-14,2.1027004211668483e-15,115.00000000000033,1395,0,0.0,93,58,0.6236559139784946,92,91,0.9891304347826086,0.30786855344218256,90,0.037316392581693725,0.0
alphabet,light_s06_r1_a115,"hand sigma=0.6, radius=1, joint limit=115.0 degrees",2.1243208000669256,265,93,0.17547169811320754,1.2223425491787577e-14,2.1307737929435708e-15,115.00000000000038,1395,0,0.0,93,57,0.6129032258064516,92,90,0.9782608695652174,0.31589696193228367,90,0.047970956351499075,0.005145486076280216
alphabet,smooth_s10_r1_a115,"hand sigma=1.0, radius=1, joint limit=115.0 degrees",2.8040534999454394,265,93,0.17547169811320754,1.3558414902014943e-14,2.1108851648646243e-15,115.00000000000038,1395,0,0.0,93,58,0.6236559139784946,92,91,0.9891304347826086,0.31219021866581215,90,0.033637132703069866,0.0020225375582519217
alphabet,smooth_s10_r2_a115,"hand sigma=1.0, radius=2, joint limit=115.0 degrees",2.163336200057529,265,93,0.17547169811320754,1.3279958147736726e-14,2.0843953863904495e-15,115.0000000000003,1395,0,0.0,93,58,0.6236559139784946,92,92,1.0,0.29946736104674515,90,0.027119705525757456,0.007868944875130042
alphabet,smooth_s12_r2_a115,"hand sigma=1.2, radius=2, joint limit=115.0 degrees",2.3085467000491917,265,93,0.17547169811320754,1.2438015058305952e-14,2.1111218535390457e-15,115.00000000000033,1395,0,0.0,93,58,0.6236559139784946,92,92,1.0,0.283216184479803,90,0.02298930825669555,0.012188246989646859
alphabet,joint_s08_r1_a110,"hand sigma=0.8, radius=1, joint limit=110.0 degrees",2.181421200046316,265,93,0.17547169811320754,1.2127070519065358e-14,2.133479049436547e-15,110.00000000000044,1395,0,0.0,93,58,0.6236559139784946,92,91,0.9891304347826086,0.30786855344218256,90,0.03754512309965978,0.0014875305276679303
alphabet,joint_s08_r1_a105,"hand sigma=0.8, radius=1, joint limit=105.0 degrees",2.645882499986328,265,93,0.17547169811320754,1.1901005198848292e-14,2.1196778630692434e-15,105.00000000000038,1395,0,0.0,93,58,0.6236559139784946,92,91,0.9891304347826086,0.30786855344218256,90,0.037747720924014065,0.003549966601926749
alphabet,balanced_s10_r2_a110,"hand sigma=1.0, radius=2, joint limit=110.0 degrees",2.167624900001101,265,93,0.17547169811320754,1.292582593046375e-14,2.0908921439015033e-15,110.00000000000037,1395,0,0.0,93,58,0.6236559139784946,92,92,1.0,0.29946736104674515,90,0.027402689644626343,0.009040426717945008
alphabet,smooth_s12_r2_a110,"hand sigma=1.2, radius=2, joint limit=110.0 degrees",2.2341230999445543,265,93,0.17547169811320754,1.1489908737733394e-14,2.0864326053554053e-15,110.00000000000033,1395,0,0.0,93,58,0.6236559139784946,92,92,1.0,0.283216184479803,90,0.023280287650461685,0.013279159722459489
angry,default_s08_r1_a115,"hand sigma=0.8, radius=1, joint limit=115.0 degrees",0.8669075999641791,59,118,1.0,3.959323995849622e-14,3.3246217682485016e-15,98.88064599787353,1770,0,0.0,118,23,0.19491525423728814,116,116,1.0,0.36583515705818154,112,0.021670418852687633,0.0
angry,light_s06_r1_a115,"hand sigma=0.6, radius=1, joint limit=115.0 degrees",0.8513682999182492,59,118,1.0,4.3115929491701746e-14,3.3745629278631312e-15,104.76040577302871,1770,0,0.0,118,23,0.19491525423728814,116,116,1.0,0.3654741405958073,112,0.028946050969900335,0.003202830545785739
angry,smooth_s10_r1_a115,"hand sigma=1.0, radius=1, joint limit=115.0 degrees",0.8364168999250978,59,118,1.0,5.026978331229142e-14,3.4488936407812287e-15,96.30633374676644,1770,0,0.0,118,24,0.2033898305084746,116,116,1.0,0.3647934536307273,112,0.019352195286992994,0.0015711913126414416
angry,smooth_s10_r2_a115,"hand sigma=1.0, radius=2, joint limit=115.0 degrees",0.7901795000070706,59,118,1.0,3.486222427305893e-14,3.332076363967649e-15,89.64884742600526,1770,0,0.0,118,24,0.2033898305084746,116,116,1.0,0.35175112952958854,112,0.015305057779407273,0.006062233152543443
angry,smooth_s12_r2_a115,"hand sigma=1.2, radius=2, joint limit=115.0 degrees",0.8126927999546751,59,118,1.0,4.4218169411129977e-14,3.3279476302900926e-15,88.09229132210703,1770,0,0.0,118,24,0.2033898305084746,116,116,1.0,0.34382859291013346,112,0.012701985323915607,0.009189265803601632
angry,joint_s08_r1_a110,"hand sigma=0.8, radius=1, joint limit=110.0 degrees",0.8155671999556944,59,118,1.0,3.959323995849622e-14,3.3246217682485016e-15,98.88064599787353,1770,0,0.0,118,23,0.19491525423728814,116,116,1.0,0.36583515705818154,112,0.021670418852687633,0.0
angry,joint_s08_r1_a105,"hand sigma=0.8, radius=1, joint limit=105.0 degrees",0.8789936000248417,59,118,1.0,3.959323995849622e-14,3.3246217682485016e-15,98.88064599787353,1770,0,0.0,118,23,0.19491525423728814,116,116,1.0,0.36583515705818154,112,0.021670418852687633,0.0
angry,balanced_s10_r2_a110,"hand sigma=1.0, radius=2, joint limit=110.0 degrees",1.2706605999264866,59,118,1.0,3.486222427305893e-14,3.332076363967649e-15,89.64884742600526,1770,0,0.0,118,24,0.2033898305084746,116,116,1.0,0.35175112952958854,112,0.015305057779407273,0.006062233152543443
angry,smooth_s12_r2_a110,"hand sigma=1.2, radius=2, joint limit=110.0 degrees",0.8009449999080971,59,118,1.0,4.4218169411129977e-14,3.3279476302900926e-15,88.09229132210703,1770,0,0.0,118,24,0.2033898305084746,116,116,1.0,0.34382859291013346,112,0.012701985323915607,0.009189265803601632
animal,default_s08_r1_a115,"hand sigma=0.8, radius=1, joint limit=115.0 degrees",2.9502548999153078,317,374,0.5899053627760252,2.878707484292525e-14,3.5517680505467213e-15,115.20534187330747,5610,1,0.00017825311942959,374,105,0.2807486631016043,372,356,0.956989247311828,0.15057961569562073,368,0.01715214000897144,0.0
animal,light_s06_r1_a115,"hand sigma=0.6, radius=1, joint limit=115.0 degrees",3.144993800087832,317,374,0.5899053627760252,2.8058003827404042e-14,3.598134477904209e-15,115.20534187330756,5610,1,0.00017825311942959,374,101,0.2700534759358289,372,351,0.9435483870967742,0.15551439468439338,368,0.022142161621909545,0.0022249511128251418
animal,smooth_s10_r1_a115,"hand sigma=1.0, radius=1, joint limit=115.0 degrees",2.8781432999530807,317,374,0.5899053627760252,2.5486195923423512e-14,3.5348562645042355e-15,115.20534187330793,5610,1,0.00017825311942959,374,106,0.28342245989304815,372,359,0.9650537634408602,0.14785638149041427,368,0.015315268744094123,0.0010946835088762182
animal,smooth_s10_r2_a115,"hand sigma=1.0, radius=2, joint limit=115.0 degrees",3.6073240999830887,317,374,0.5899053627760252,2.6354195827592128e-14,3.697723875596456e-15,115.00000000000114,5610,0,0.0,374,111,0.2967914438502674,372,362,0.9731182795698925,0.1328735816023416,368,0.011392346477979784,0.00380113363412139
animal,smooth_s12_r2_a115,"hand sigma=1.2, radius=2, joint limit=115.0 degrees",3.00106409995351,317,374,0.5899053627760252,2.791123648423252e-14,3.536741220506057e-15,115.00000000000142,5610,0,0.0,374,108,0.2887700534759358,372,361,0.9704301075268817,0.12803386640381392,368,0.009342695837012872,0.005711424814958032
animal,joint_s08_r1_a110,"hand sigma=0.8, radius=1, joint limit=110.0 degrees",3.033971400000155,317,374,0.5899053627760252,2.862443600200479e-14,3.5451728268505808e-15,110.19641396577234,5610,0,0.0,374,111,0.2967914438502674,372,355,0.9543010752688172,0.15057961569562073,368,0.017102885176856427,0.003505898558369859
animal,joint_s08_r1_a105,"hand sigma=0.8, radius=1, joint limit=105.0 degrees",2.833101400057785,317,374,0.5899053627760252,2.877008691502524e-14,3.5705808638914015e-15,105.1874860582372,5610,0,0.0,374,148,0.39572192513368987,372,355,0.9543010752688172,0.15057961569562073,368,0.017088804307550703,0.007601650390930932
animal,balanced_s10_r2_a110,"hand sigma=1.0, radius=2, joint limit=110.0 degrees",3.139009700040333,317,374,0.5899053627760252,2.74141916993184e-14,3.679064619518721e-15,110.00000000000135,5610,0,0.0,374,114,0.3048128342245989,372,361,0.9704301075268817,0.1328735816023416,368,0.011311297603070801,0.006649644029471796
animal,smooth_s12_r2_a110,"hand sigma=1.2, radius=2, joint limit=110.0 degrees",3.389566700090654,317,374,0.5899053627760252,2.7911236484232522e-14,3.55942825256877e-15,110.00000000000105,5610,0,0.0,374,122,0.32620320855614976,372,361,0.9704301075268817,0.12740901096084226,368,0.009275245818420104,0.008367012915615204
answer,default_s08_r1_a115,"hand sigma=0.8, radius=1, joint limit=115.0 degrees",0.8808098000008613,71,104,0.7323943661971831,2.643490840464147e-14,2.357623256365036e-15,115.99940986195155,1560,1,0.000641025641025641,104,51,0.49038461538461536,102,95,0.9313725490196079,0.6440924501234656,98,0.103261294058298,0.0
answer,light_s06_r1_a115,"hand sigma=0.6, radius=1, joint limit=115.0 degrees",0.9151259999489412,71,104,0.7323943661971831,2.0531295447435335e-14,2.2320413263083546e-15,115.00000000000051,1560,0,0.0,104,50,0.4807692307692308,102,94,0.9215686274509803,0.6772290226956026,98,0.13369340881291256,0.012614133773168909
answer,smooth_s10_r1_a115,"hand sigma=1.0, radius=1, joint limit=115.0 degrees",0.8271171000087634,71,104,0.7323943661971831,2.3735219775272992e-14,2.352150116156289e-15,115.46738272546571,1560,1,0.000641025641025641,104,51,0.49038461538461536,102,95,0.9313725490196079,0.6286736699750738,98,0.09276781147907356,0.005927503096656764
answer,smooth_s10_r2_a115,"hand sigma=1.0, radius=2, joint limit=115.0 degrees",0.862407699925825,71,104,0.7323943661971831,2.424226612611823e-14,2.277856218819823e-15,115.9182948410977,1560,1,0.000641025641025641,104,51,0.49038461538461536,102,98,0.9607843137254902,0.5532470931895634,98,0.07218212550792633,0.02120806694901247
answer,smooth_s12_r2_a115,"hand sigma=1.2, radius=2, joint limit=115.0 degrees",0.8599241999909282,71,104,0.7323943661971831,2.351654846332403e-14,2.377740714024729e-15,115.00000000000075,1560,0,0.0,104,51,0.49038461538461536,102,98,0.9607843137254902,0.506060754163417,98,0.05963914622424508,0.03091269529139677
answer,joint_s08_r1_a110,"hand sigma=0.8, radius=1, joint limit=110.0 degrees",0.869983599986881,71,104,0.7323943661971831,2.4401453911976772e-14,2.2738543690832857e-15,110.95595725925764,1560,0,0.0,104,51,0.49038461538461536,102,95,0.9313725490196079,0.6440924501234656,98,0.10356031245728192,0.010121449605057595
answer,joint_s08_r1_a105,"hand sigma=0.8, radius=1, joint limit=105.0 degrees",0.8725146000506356,71,104,0.7323943661971831,2.2706908501422843e-14,2.3131210184575645e-15,105.91250465656393,1560,0,0.0,104,52,0.5,102,95,0.9313725490196079,0.6440924501234656,98,0.10491091114706848,0.02149364449049259
answer,balanced_s10_r2_a110,"hand sigma=1.0, radius=2, joint limit=110.0 degrees",0.8827766000758857,71,104,0.7323943661971831,2.6299185676213118e-14,2.3012515160631366e-15,110.87836897844113,1560,0,0.0,104,51,0.49038461538461536,102,98,0.9607843137254902,0.5532470931895634,98,0.07291557492694527,0.028044141598092234
answer,smooth_s12_r2_a110,"hand sigma=1.2, radius=2, joint limit=110.0 degrees",0.8712588000344113,71,104,0.7323943661971831,2.427514680085055e-14,2.3891922056073855e-15,110.00000000000057,1560,0,0.0,104,52,0.5,102,98,0.9607843137254902,0.506060754163417,98,0.060526954843538476,0.03708059409987451
